{"current":{"disable_right_click":false,"disable_selection_text":false,"domain_name":"","color_swatches":"","color_field":"Couleur","headings_font":"futura_n6","body_font":"futura_n4","body_size":100,"page_width":1200,"enable_max_width_container":false,"max_width_container":3000,"spacing_grid_horizontal":24,"spacing_grid_vertical":24,"enable_animations":true,"enable_page_transitions":false,"page_loader":"shopify:\/\/shop_images\/Logo_vert.png","bold_price":false,"currency_code_enabled":false,"stars_color":"green","stars_text_color":"text","stars_size":17,"secondary_background_input":true,"remove_spacing":false,"hover_effect":"darker","swiper_pagination_style":"dots","swiper_scrollbar_style":"thin_full_width","swiper_navigation_style":"circle","swiper_navigation_color":"accent","swiper_navigation_position":"above","border_1_color":"#f9f9f9","border_2_color":"#404040","border_2_width":1,"border_3_width":1,"shadow_3_opacity":0,"shadow_3_vertical_offset":0,"shadow_3_blur":0,"shadow_3_hover":false,"headings_uppercase":false,"headings_letter_spacing":0,"heading_separator_spacing":18,"heading_1_level":"1","heading_1_font_size":130,"heading_1_separator":false,"heading_2_separator":true,"heading_2_separator_color":"accent-1","heading_3_separator_color":"accent-1","buttons_font":"body","buttons_font_size":90,"buttons_space_horizontal":14,"buttons_space_vertical":4,"buttons_font_weight":true,"button_1_palette":"accent-1","button_1_shadow":"shadow--3","button_2_palette":"text-outline","button_2_shadow":"shadow--3","button_3_palette":"text","button_3_shadow":"shadow--3","button_show_payment_badges":false,"button_stars_style":"stars","button_rating":5,"button_rating_text":"98% satisfaction","icon_1_text":"Number 1 <strong>in the world<\/strong>","icon_1_custom_icon":"shopify:\/\/shop_images\/trolley.svg","icon_2_text":"Number 1 in the world","icon_2_custom_icon":"shopify:\/\/shop_images\/IMG_0398.png","icon_3_text":"Number 1 in the world","icon_4_text":"Number 1 in the world","icon_5_text":"","collapsible_spacing_horizontal":8,"collapsible_icon":"plus_rotating","collapsible_font_family":"heading","collapsible_border_placement":"bottom","collapsible_1_shadow":"none","collapsible_2_shadow":"none","subheadings_uppercase":true,"subheadings_font_weight":false,"subheadings_font_size":80,"subheadings_letter_spacing":1,"inputs_border":"border--3","media_container_shadow":"none","media_container_border":"none","content_container_radius_range":10,"content_container_border":"none","product_card_style":"standard","product_card_hover_line":true,"product_card_hover_zoom":false,"product_card_hover_translate":false,"product_card_display_price":true,"enable_from_price_html":false,"product_card_text_alignment":"center","product_card_limit_2_lines":true,"product_card_show_price_besides":false,"product_card_sale_tag_text":"Sale","product_card_enable_button":true,"product_card_button_style":"1","product_card_button_text":"Add to cart","collection_card_style":"standard","collection_card_text_alignment":"left","blog_card_style":"standard","blog_card_text_alignment":"left","drawer_border":"border--1","drawer_background_behavior":"blur","drawer_width":"full_width","cart_type":"drawer","cart_icon_type":"cart","hide_unit_price_in_cart":true,"show_cart_note":false,"cart_empty_url":"shopify:\/\/collections\/all","cart_general_color_palette":"background-1","cart_modules_border":"none","cart_modules_alignment":"center","cart_module_delivery_estimation_enable":true,"cart_module_delivery_estimation_palette":"background-2","ready":2,"delivered":8,"cart_module_timer_enable":true,"cart_module_timer_text":"Cart reserved for $time","timer_delay":10,"cart_module_timer_palette":"scheme","cart_module_free_shipping_enable":false,"cart_module_free_shipping_min_price":60,"cart_module_free_shipping_text_before":"Only $amount to get free shipping","cart_module_free_shipping_text_after":"You get free shipping!","cart_module_free_shipping_palette":"background-2","cart_module_trust_enable":false,"cart_module_trust_style":"slider","cart_module_trust_size":20,"cart_module_trust_palette":"background-2","cart_module_code":true,"cart_module_code_palette":"background-2","cart_module_code_button_style":"3","cart_upsell_enable":true,"cart_upsell_style":"product","cart_module_upsell_palette":"background-2","cart_upsell_title":"You'll love this article","cart_upsell_button_text":"Add","cart_upsell_button_style":"1","cart_upsell_collection":"casquettes","cart_upsell_product":"copie-de-test-produit","cart_protection_product":"","cart_protection_text":"Protégez votre commande contre les dommages, la perte ou le vol.","cart_savings_text":"Savings","cart_subtotal_text":"Subtotal","cart_total_text":"Total","cart_button_text":"Process to payment","cart_footer_text":"","cart_footer_payment_badges":false,"cart_footer_image":"shopify:\/\/shop_images\/trust_badge.png","timer_type":"automatic","timer_timeout_text":"La réduction va prendre fin","timer_days":1,"timer_hours":5,"timer_minutes":26,"timer_seconds":4,"timer_day":4,"timer_month":9,"timer_year":2025,"enable_wishlist":false,"link_wishlist":"shopify:\/\/pages\/wishlist","favicon":"shopify:\/\/shop_images\/Logo_vert_clair_petit.png","social_facebook_link":"","social_instagram_link":"","social_youtube_link":"","social_tiktok_link":"","social_twitter_link":"","social_snapchat_link":"","social_pinterest_link":"","social_tumblr_link":"","social_vimeo_link":"","show_unit_price":true,"color_palette":"inverse","buttons_radius":"middle","collapsible_radius":"none","inputs_radius":"middle","media_container_radius":"middle","content_container_radius":"middle","palette_color_heading":"#151c0d","palette_color_text":"#283618","palette_color_bg_fade":"#fefae0","palette_color_accent_1":"#606c38","palette_color_accent_2":"#bc6c25","logo_width":90,"colors_solid_button_labels":"#ffffff","colors_accent_1":"#121212","gradient_accent_1":"","colors_accent_2":"#334fb4","gradient_accent_2":"","colors_text":"#121212","colors_outline_button_labels":"#121212","colors_background_1":"#ffffff","gradient_background_1":"","colors_background_2":"#f3f3f3","gradient_background_2":"","type_header_font":"assistant_n4","heading_scale":100,"type_body_font":"assistant_n4","body_scale":100,"spacing_sections":0,"buttons_border_thickness":1,"buttons_border_opacity":100,"buttons_shadow_opacity":0,"buttons_shadow_horizontal_offset":0,"buttons_shadow_vertical_offset":4,"buttons_shadow_blur":5,"variant_pills_border_thickness":1,"variant_pills_border_opacity":55,"variant_pills_radius":40,"variant_pills_shadow_opacity":0,"variant_pills_shadow_horizontal_offset":0,"variant_pills_shadow_vertical_offset":4,"variant_pills_shadow_blur":5,"inputs_border_thickness":1,"inputs_border_opacity":55,"inputs_shadow_opacity":0,"inputs_shadow_horizontal_offset":0,"inputs_shadow_vertical_offset":4,"inputs_shadow_blur":5,"card_style":"standard","card_image_padding":0,"card_text_alignment":"left","card_color_scheme":"background-2","card_border_thickness":0,"card_border_opacity":10,"card_corner_radius":0,"card_shadow_opacity":0,"card_shadow_horizontal_offset":0,"card_shadow_vertical_offset":4,"card_shadow_blur":5,"collection_card_image_padding":0,"collection_card_color_scheme":"background-2","collection_card_border_thickness":0,"collection_card_border_opacity":10,"collection_card_corner_radius":0,"collection_card_shadow_opacity":0,"collection_card_shadow_horizontal_offset":0,"collection_card_shadow_vertical_offset":4,"collection_card_shadow_blur":5,"blog_card_image_padding":0,"blog_card_color_scheme":"background-2","blog_card_border_thickness":0,"blog_card_border_opacity":10,"blog_card_corner_radius":0,"blog_card_shadow_opacity":0,"blog_card_shadow_horizontal_offset":0,"blog_card_shadow_vertical_offset":4,"blog_card_shadow_blur":5,"text_boxes_border_thickness":0,"text_boxes_border_opacity":10,"text_boxes_radius":0,"text_boxes_shadow_opacity":0,"text_boxes_shadow_horizontal_offset":0,"text_boxes_shadow_vertical_offset":4,"text_boxes_shadow_blur":5,"media_border_thickness":1,"media_border_opacity":5,"media_radius":0,"media_shadow_opacity":0,"media_shadow_horizontal_offset":0,"media_shadow_vertical_offset":4,"media_shadow_blur":5,"popup_border_thickness":1,"popup_border_opacity":10,"popup_corner_radius":0,"popup_shadow_opacity":0,"popup_shadow_horizontal_offset":0,"popup_shadow_vertical_offset":4,"popup_shadow_blur":5,"drawer_border_thickness":1,"drawer_border_opacity":10,"drawer_shadow_opacity":0,"drawer_shadow_horizontal_offset":0,"drawer_shadow_vertical_offset":4,"drawer_shadow_blur":5,"badge_position":"bottom left","badge_corner_radius":40,"sale_badge_color_scheme":"accent-2","sold_out_badge_color_scheme":"inverse","accent_icons":"text","brand_headline":"","brand_description":"<p><\/p>","brand_image_width":100,"predictive_search_enabled":true,"predictive_search_show_vendor":false,"predictive_search_show_price":false,"show_vendor":false,"cart_drawer_collection":"","sections":{"main-sticky-atc":{"type":"main-sticky-atc","settings":{"show_sticky_atc":true,"show_sticky_atc_before_atc":true,"sticky_atc_style":"block_bottom_left","enable_image":true,"hide_meta_mobile":false,"enable_rating":true,"stars_style":"full","stars_rating":4.8,"button_text":"Add","button_style":"3","color_palette":"inverse"}}},"content_for_index":[],"color_schemes":{"background-1":{"settings":{"text":"#34364b","text_secondary":"#1c1e2d","background_gradient_text":"","background":"#ffffff","background_secondary":"#f2f2f2","background_gradient":"","accent-1":"#8256b0","accent-2":"#5c3b7b","background_gradient_accent":""}},"background-2":{"settings":{"text":"#34364b","text_secondary":"#1c1e2d","background_gradient_text":"","background":"#f2f2f2","background_secondary":"#ffffff","background_gradient":"","accent-1":"#8256b0","accent-2":"#5c3b7b","background_gradient_accent":""}},"inverse":{"settings":{"text":"#f2f2f2","text_secondary":"#ffffff","background_gradient_text":"","background":"#1c1e2d","background_secondary":"#34364b","background_gradient":"","accent-1":"#8256b0","accent-2":"#5c3b7b","background_gradient_accent":""}},"scheme":{"settings":{"text":"#ffffff","text_secondary":"#ffffff","background_gradient_text":"","background":"#8256b0","background_secondary":"#5c3b7b","background_gradient":"","accent-1":"#ffffff","accent-2":"#f2f2f2","background_gradient_accent":""}}}},"presets":{"Default":{"logo_width":90,"colors_solid_button_labels":"#ffffff","colors_accent_1":"#121212","gradient_accent_1":"","colors_accent_2":"#334fb4","gradient_accent_2":"","colors_text":"#121212","colors_outline_button_labels":"#121212","colors_background_1":"#ffffff","gradient_background_1":"","colors_background_2":"#f3f3f3","gradient_background_2":"","type_header_font":"assistant_n4","heading_scale":100,"type_body_font":"assistant_n4","body_scale":100,"page_width":1200,"spacing_sections":0,"spacing_grid_horizontal":8,"spacing_grid_vertical":8,"buttons_border_thickness":1,"buttons_border_opacity":100,"buttons_shadow_opacity":0,"buttons_shadow_horizontal_offset":0,"buttons_shadow_vertical_offset":4,"buttons_shadow_blur":5,"variant_pills_border_thickness":1,"variant_pills_border_opacity":55,"variant_pills_radius":40,"variant_pills_shadow_opacity":0,"variant_pills_shadow_horizontal_offset":0,"variant_pills_shadow_vertical_offset":4,"variant_pills_shadow_blur":5,"inputs_border_thickness":1,"inputs_border_opacity":55,"inputs_shadow_opacity":0,"inputs_shadow_horizontal_offset":0,"inputs_shadow_vertical_offset":4,"inputs_shadow_blur":5,"card_style":"standard","card_image_padding":0,"card_text_alignment":"left","card_color_scheme":"background-2","card_border_thickness":0,"card_border_opacity":10,"card_corner_radius":0,"card_shadow_opacity":0,"card_shadow_horizontal_offset":0,"card_shadow_vertical_offset":4,"card_shadow_blur":5,"collection_card_style":"standard","collection_card_image_padding":0,"collection_card_text_alignment":"left","collection_card_color_scheme":"background-2","collection_card_border_thickness":0,"collection_card_border_opacity":10,"collection_card_corner_radius":0,"collection_card_shadow_opacity":0,"collection_card_shadow_horizontal_offset":0,"collection_card_shadow_vertical_offset":4,"collection_card_shadow_blur":5,"blog_card_style":"standard","blog_card_image_padding":0,"blog_card_text_alignment":"left","blog_card_color_scheme":"background-2","blog_card_border_thickness":0,"blog_card_border_opacity":10,"blog_card_corner_radius":0,"blog_card_shadow_opacity":0,"blog_card_shadow_horizontal_offset":0,"blog_card_shadow_vertical_offset":4,"blog_card_shadow_blur":5,"text_boxes_border_thickness":0,"text_boxes_border_opacity":10,"text_boxes_radius":0,"text_boxes_shadow_opacity":0,"text_boxes_shadow_horizontal_offset":0,"text_boxes_shadow_vertical_offset":4,"text_boxes_shadow_blur":5,"media_border_thickness":1,"media_border_opacity":5,"media_radius":0,"media_shadow_opacity":0,"media_shadow_horizontal_offset":0,"media_shadow_vertical_offset":4,"media_shadow_blur":5,"popup_border_thickness":1,"popup_border_opacity":10,"popup_corner_radius":0,"popup_shadow_opacity":0,"popup_shadow_horizontal_offset":0,"popup_shadow_vertical_offset":4,"popup_shadow_blur":5,"drawer_border_thickness":1,"drawer_border_opacity":10,"drawer_shadow_opacity":0,"drawer_shadow_horizontal_offset":0,"drawer_shadow_vertical_offset":4,"drawer_shadow_blur":5,"badge_position":"bottom left","badge_corner_radius":40,"sale_badge_color_scheme":"accent-2","sold_out_badge_color_scheme":"inverse","accent_icons":"text","brand_headline":"","brand_description":"<p><\/p>","brand_image_width":100,"social_twitter_link":"","social_facebook_link":"","social_pinterest_link":"","social_instagram_link":"","social_tiktok_link":"","social_tumblr_link":"","social_snapchat_link":"","social_youtube_link":"","social_vimeo_link":"","predictive_search_enabled":true,"predictive_search_show_vendor":false,"predictive_search_show_price":false,"currency_code_enabled":true,"cart_type":"notification","show_vendor":false,"show_cart_note":false,"cart_drawer_collection":""}}}