{"sections":{"42f1fbd7-9a5f-4361-bee4-1dd38dc77aa3":{"type":"banner","blocks":{"template--19360652722473__42f1fbd7-9a5f-4361-bee4-1dd38dc77aa3-168655670373b01bcd-0":{"type":"heading","settings":{"subheading":"","heading":"Main heading to present your products","heading_style":"1","heading_font_size":120,"heading_font_size_mobile":100,"enable_slides":false,"slides":"","margin_bottom":0}},"5fa43d56-a2ff-431f-b2d4-e7ad670f6b31":{"type":"text","settings":{"description":"<p>Little text to tell your visitors why they should continue to scroll to your page.<\/p>","description_font_size":100,"description_font_size_mobile":100,"margin_bottom":16}},"template--19360652722473__42f1fbd7-9a5f-4361-bee4-1dd38dc77aa3-168655670373b01bcd-2":{"type":"button","settings":{"button_link":"shopify:\/\/collections\/all","button_text":"Call to action","button_style":"1","button_link_secondary":"","button_text_secondary":"","button_style_secondary":"2","extra_button":false,"margin_bottom":16}}},"block_order":["template--19360652722473__42f1fbd7-9a5f-4361-bee4-1dd38dc77aa3-168655670373b01bcd-0","5fa43d56-a2ff-431f-b2d4-e7ad670f6b31","template--19360652722473__42f1fbd7-9a5f-4361-bee4-1dd38dc77aa3-168655670373b01bcd-2"],"settings":{"section_id":"","image_overlay_opacity":40,"image_overlay_color":"foreground-secondary","height":"one_third","layout":"full","layout_orientation":"right","gutterless_mobile":true,"media_type":"image","media_type_mobile":"image","lazy":false,"content_container_width":1000,"text_color":"background","desktop_content_position":"middle","mobile_content_position":"middle","content_background_behavior":"transparent","enable_animations":false,"animation":"fade-up","hide_desktop":false,"hide_mobile":false,"layout_width":"full","padding_top":0,"padding_bottom":0,"padding_top_sm":0,"padding_bottom_sm":0,"color_palette":"background-1","enable_cut_bg_color":false,"cut_bg_color":"#f6f6f6","cut_bg_color_vertical":0,"cut_bg_color_vertical_mobile":0,"cut_bg_color_horizontal":0,"cut_bg_color_horizontal_mobile":0,"separator_top":"none","separator_top_invert":false,"separator_bottom":"none","separator_bottom_invert":false,"separator_animated":false,"separator_bg_color":""}},"marquee_z7hUag":{"type":"marquee","blocks":{"marquee_abaDtm":{"type":"marquee","settings":{"description":"Top quality product manufactured locally with an ancestral method"}}},"block_order":["marquee_abaDtm"],"settings":{"section_id":"","uppercase":false,"bolder":true,"font_family":"body","font_size":26,"delay":20,"enable_animations":true,"animation":"fade-up","layout_width":"full","padding_top":32,"padding_bottom":32,"padding_top_sm":24,"padding_bottom_sm":28,"color_palette":"background-2","enable_cut_bg_color":false,"cut_bg_color":"#f6f6f6","cut_bg_color_vertical":0,"cut_bg_color_vertical_mobile":0,"cut_bg_color_horizontal":0,"cut_bg_color_horizontal_mobile":0,"separator_top":"none","separator_top_invert":false,"separator_bottom":"none","separator_bottom_invert":false,"separator_animated":false,"separator_bg_color":""}},"ceea920c-bcf6-4b55-9b0f-a457eaa8e605":{"type":"featured-collection","settings":{"section_id":"","collection":"","limit":8,"media_aspect_ratio":"square","show_secondary_image":true,"show_vendor":false,"show_rating":false,"variants_wrap":false,"show_all":false,"button_text":"View all products","button_style":"1","layout":"swiper","slides_on_desktop":4,"slides_on_tablet":3,"slides_on_mobile":"1","preshot_swiper":true,"loop":true,"navigation":true,"pagination":true,"autoplay":false,"speed":4,"subheading":"","heading":"Collection title","heading_style":"2","description":"Little text to present your collection of products.","alignment":"center","enable_animations":true,"animation":"fade-up","layout_width":"normal","padding_top":36,"padding_bottom":32,"padding_top_sm":32,"padding_bottom_sm":32,"color_palette":"","enable_cut_bg_color":false,"cut_bg_color":"#f6f6f6","cut_bg_color_vertical":0,"cut_bg_color_vertical_mobile":0,"cut_bg_color_horizontal":0,"cut_bg_color_horizontal_mobile":0,"separator_top":"none","separator_top_invert":false,"separator_bottom":"none","separator_bottom_invert":false,"separator_animated":false,"separator_bg_color":""}},"5b487781-6227-4db6-af44-deaf82bf3b71":{"type":"image-with-text","blocks":{"template--19360652722473__5b487781-6227-4db6-af44-deaf82bf3b71-16865770816bacdf68-0":{"type":"heading","settings":{"subheading":"Subheading","heading":"Marketing headline","heading_style":"2","icon":"none"}},"template--19360652722473__5b487781-6227-4db6-af44-deaf82bf3b71-16865770816bacdf68-1":{"type":"text","settings":{"description":"<p>Attach a text to a media to showcase your visitors some marketing arguments. Add a bullet list to make the reading easier.<\/p>","color_bold_words":"text"}},"icons_KxXtCz":{"type":"icons","settings":{"icons_style":"bullets_half","fill_color":"accent","fill_fade_background":false,"bg_color_icons":false,"icon_1_icon_type":"check_mark","icon_1_text":"Number 1 in the world","icon_1_description":"Put here a description of the benefit or the feature.","icon_1_url":"","icon_2_icon_type":"check_mark","icon_2_text":"Best customer service","icon_2_description":"Put here a description of the benefit or the feature.","icon_2_url":"","icon_3_icon_type":"check_mark","icon_3_text":"Great product quality","icon_3_description":"Put here a description of the benefit or the feature.","icon_3_url":"","icon_4_icon_type":"check_mark","icon_4_text":"Recommended by professionals","icon_4_description":"Put here a description of the benefit or the feature.","icon_4_url":""}},"template--19360652722473__5b487781-6227-4db6-af44-deaf82bf3b71-16865770816bacdf68-2":{"type":"button","settings":{"button_link":"shopify:\/\/collections\/all","button_text":"Call to action","button_style":"1","button_link_secondary":"","button_text_secondary":"","button_style_secondary":"2","extra_button":false}}},"block_order":["template--19360652722473__5b487781-6227-4db6-af44-deaf82bf3b71-16865770816bacdf68-0","template--19360652722473__5b487781-6227-4db6-af44-deaf82bf3b71-16865770816bacdf68-1","icons_KxXtCz","template--19360652722473__5b487781-6227-4db6-af44-deaf82bf3b71-16865770816bacdf68-2"],"settings":{"section_id":"","media_type":"image","image":"shopify:\/\/shop_images\/2-3PCS-sans-couture-pour-les-femmes-ensemble-de-yoga-ensemble-femme-2-pi-ces-sport.jpg_640x640_4_4767bda7-98b6-4c9e-8c5b-ad65b1757deb.jpg","height":"adapt","desktop_image_width":"medium","layout":"text_first","layout_style":"normal","remove_gap":false,"make_square":false,"text_container_max_width":760,"desktop_content_position":"middle","desktop_content_alignment":"left","mobile_content_alignment":"left","enable_animations":true,"animation":"fade-up","hide_desktop":false,"hide_mobile":false,"layout_width":"normal","padding_top":60,"padding_bottom":60,"padding_top_sm":32,"padding_bottom_sm":0,"color_palette":"background-1","enable_cut_bg_color":false,"cut_bg_color":"#f9f9f9","cut_bg_color_vertical":-20,"cut_bg_color_vertical_mobile":28,"cut_bg_color_horizontal":-22,"cut_bg_color_horizontal_mobile":0,"separator_top":"none","separator_top_invert":false,"separator_bottom":"none","separator_bottom_invert":false,"separator_animated":false,"separator_bg_color":""}},"image_with_text_N3Wf3k":{"type":"image-with-text","blocks":{"heading_xcEDQK":{"type":"heading","settings":{"subheading":"Details","heading":"Hear from our lovely customers","heading_style":"2","icon":"none"}},"text_YLKYzp":{"type":"text","settings":{"description":"<p>Pair text with an image to focus on your chosen product, collection, or blog post. Add details on availability, style, or even provide a review.<\/p>","color_bold_words":"text"}},"button_YbMDHw":{"type":"button","settings":{"button_link":"","button_text":"Call to action","button_style":"1","button_link_secondary":"","button_text_secondary":"Discover","button_style_secondary":"2","extra_button":false}}},"block_order":["heading_xcEDQK","text_YLKYzp","button_YbMDHw"],"settings":{"section_id":"","media_type":"image","image":"shopify:\/\/shop_images\/2-3PCS-sans-couture-pour-les-femmes-ensemble-de-yoga-ensemble-femme-2-pi-ces-sport.jpg_640x640_4_4767bda7-98b6-4c9e-8c5b-ad65b1757deb.jpg","height":"adapt","desktop_image_width":"medium","layout":"image_first","layout_style":"normal","remove_gap":false,"make_square":false,"text_container_max_width":700,"desktop_content_position":"middle","desktop_content_alignment":"left","mobile_content_alignment":"left","enable_animations":true,"animation":"fade-up","hide_desktop":false,"hide_mobile":false,"layout_width":"normal","padding_top":0,"padding_bottom":64,"padding_top_sm":0,"padding_bottom_sm":32,"color_palette":"","enable_cut_bg_color":false,"cut_bg_color":"#f6f6f6","cut_bg_color_vertical":0,"cut_bg_color_vertical_mobile":0,"cut_bg_color_horizontal":0,"cut_bg_color_horizontal_mobile":0,"separator_top":"none","separator_top_invert":false,"separator_bottom":"none","separator_bottom_invert":false,"separator_animated":false,"separator_bg_color":""}},"comparaison_list_UDGHDn":{"type":"comparaison-list","blocks":{"bullet_cBT4Pf":{"type":"bullet","settings":{"title":"Customer Support","icon_before":"check_mark","icon_after":"check_mark"}},"bullet_Rt3McB":{"type":"bullet","settings":{"title":"Manufactured in France","icon_before":"check_mark","icon_after":"close"}},"bullet_hnwRed":{"type":"bullet","settings":{"title":"Premium quality","icon_before":"check_mark","icon_after":"close"}},"bullet_cPgFFB":{"type":"bullet","settings":{"title":"Eco-Friendly Compliance","icon_before":"check_mark","icon_after":"close"}},"bullet_VYkWYV":{"type":"bullet","settings":{"title":"Warranty","icon_before":"check_mark","icon_after":"close"}}},"block_order":["bullet_cBT4Pf","bullet_Rt3McB","bullet_hnwRed","bullet_cPgFFB","bullet_VYkWYV"],"settings":{"section_id":"","subheading":"","heading":"Why Choose Our Product?","heading_style":"2","description":"Here’s a detailed comparison to show why our product stands out from the competition.","alignment":"center","accent_table":true,"before":"Our Product","after":"Competitor Products","enable_animations":true,"animation":"fade-up","layout_width":"normal","padding_top":32,"padding_bottom":32,"padding_top_sm":28,"padding_bottom_sm":28,"color_palette":"scheme","enable_cut_bg_color":false,"cut_bg_color":"#f6f6f6","cut_bg_color_vertical":0,"cut_bg_color_vertical_mobile":0,"cut_bg_color_horizontal":0,"cut_bg_color_horizontal_mobile":0,"separator_top":"curve-1","separator_top_invert":true,"separator_bottom":"curve-1","separator_bottom_invert":true,"separator_animated":false,"separator_bg_color":""}},"e10ef0a3-ab00-4290-ba07-52334a779cfd":{"type":"reviews","blocks":{"template--19108587438404__e10ef0a3-ab00-4290-ba07-52334a779cfd-16866827026ec471db-0":{"type":"image","settings":{"name":"","heading":"","description":"","verified":false,"stars_rating":5}},"95d352e2-a463-436a-86f6-9b0168a45fec":{"type":"text","settings":{"name":"Name\/Username","heading":"Review headline","description":"Paste here the review of the customer. To get reviews, contact them of send email x days after their purchase.","verified":true,"stars_rating":5}},"template--19108587438404__e10ef0a3-ab00-4290-ba07-52334a779cfd-16866827026ec471db-1":{"type":"image","settings":{"name":"","heading":"","description":"","verified":false,"stars_rating":4.8}},"eb409cf6-4403-48d9-863d-accec86c6d9d":{"type":"text","settings":{"name":"Name\/Username","heading":"Review headline","description":"Paste here the review of the customer. To get reviews, contact them of send email x days after their purchase.","verified":true,"stars_rating":4.8}},"template--19108587438404__e10ef0a3-ab00-4290-ba07-52334a779cfd-16866827026ec471db-4":{"type":"image","settings":{"name":"","heading":"","description":"","verified":false,"stars_rating":4.8}},"e21257a9-0866-4552-a4cd-9ea4493e90ee":{"type":"text","settings":{"name":"Name\/Username","heading":"Review headline","description":"Paste here the review of the customer. To get reviews, contact them of send email x days after their purchase.","verified":true,"stars_rating":4.8}},"template--19108587438404__e10ef0a3-ab00-4290-ba07-52334a779cfd-16866827026ec471db-2":{"type":"image","settings":{"name":"","heading":"","description":"","verified":false,"stars_rating":4.8}},"d2357a06-4241-41fa-a982-973d71580a02":{"type":"text","settings":{"name":"Name\/Username","heading":"Review headline","description":"Paste here the review of the customer. To get reviews, contact them of send email x days after their purchase.","verified":true,"stars_rating":4.8}},"template--19108587438404__e10ef0a3-ab00-4290-ba07-52334a779cfd-16866827026ec471db-5":{"type":"image","settings":{"name":"","heading":"","description":"","verified":false,"stars_rating":4.8}},"a812c45a-ff4d-4034-9cf3-6cefebc91840":{"type":"text","settings":{"name":"Name\/Username","heading":"Review headline","description":"Paste here the review of the customer. To get reviews, contact them of send email x days after their purchase.","verified":true,"stars_rating":4.8}}},"block_order":["template--19108587438404__e10ef0a3-ab00-4290-ba07-52334a779cfd-16866827026ec471db-0","95d352e2-a463-436a-86f6-9b0168a45fec","template--19108587438404__e10ef0a3-ab00-4290-ba07-52334a779cfd-16866827026ec471db-1","eb409cf6-4403-48d9-863d-accec86c6d9d","template--19108587438404__e10ef0a3-ab00-4290-ba07-52334a779cfd-16866827026ec471db-4","e21257a9-0866-4552-a4cd-9ea4493e90ee","template--19108587438404__e10ef0a3-ab00-4290-ba07-52334a779cfd-16866827026ec471db-2","d2357a06-4241-41fa-a982-973d71580a02","template--19108587438404__e10ef0a3-ab00-4290-ba07-52334a779cfd-16866827026ec471db-5","a812c45a-ff4d-4034-9cf3-6cefebc91840"],"settings":{"section_id":"","subheading":"","heading":"What Our Customers Say","heading_style":"2","description":"","alignment":"center","enable_rating":true,"stars_style":"stars","write_review_enable":false,"write_review_title":"Write a review","write_review_label":"Note","button_text":"Publish review","success_message":"Thank you! You review has been submitted.","button_style":"1","write_review_color_palette":"background-2","layout":"swiper","slides_on_desktop":4,"slides_on_tablet":3,"slides_on_mobile":1,"height":"square","enable_plus_less":true,"plus":"Show more","less":"Show less","plus_less_limit":184,"preshot_swiper":true,"loop":false,"navigation":false,"pagination":true,"autoplay":false,"speed":4,"visible_grid_blocks":4,"button_show_all_text":"Show all reviews","button_show_all_style":"2","enable_animations":true,"animation":"fade-up","layout_width":"normal","padding_top":32,"padding_bottom":32,"padding_top_sm":28,"padding_bottom_sm":28,"color_palette":"background-1","enable_cut_bg_color":false,"cut_bg_color":"#f6f6f6","cut_bg_color_vertical":0,"cut_bg_color_vertical_mobile":0,"cut_bg_color_horizontal":0,"cut_bg_color_horizontal_mobile":0,"separator_top":"none","separator_top_invert":false,"separator_bottom":"none","separator_bottom_invert":false,"separator_animated":true,"separator_bg_color":""}},"collapsible_content_CrtidL":{"type":"collapsible-content","blocks":{"collapsible_row_dzh6Gt":{"type":"collapsible_row","settings":{"heading":"What makes your product different from others?","icon":"check_mark","row_content":"<p>Our product stands out due to its premium quality, innovative features, and competitive pricing. We also include excellent customer support and a satisfaction guarantee to ensure you get the best experience possible.<\/p>","page":""}},"collapsible_row_V3QAXx":{"type":"collapsible_row","settings":{"heading":"Do you offer a warranty?","icon":"check_mark","row_content":"<p>Yes, we provide an extended warranty to give you peace of mind with your purchase. Check our warranty details for more specific terms and conditions.<\/p>","page":""}},"collapsible_row_zPpFGR":{"type":"collapsible_row","settings":{"heading":"How long does shipping take?","icon":"check_mark","row_content":"<p>Shipping times vary depending on your location, but most orders are delivered within 5-7 business days. You’ll receive a tracking number as soon as your order ships!<\/p>","page":""}},"collapsible_row_RFTXNy":{"type":"collapsible_row","settings":{"heading":"What if I’m not satisfied with my purchase?","icon":"check_mark","row_content":"<p>No worries! We offer a hassle-free return policy. If you’re not 100% satisfied, simply contact our support team, and we’ll assist you with a return or exchange.<\/p>","page":""}}},"block_order":["collapsible_row_dzh6Gt","collapsible_row_V3QAXx","collapsible_row_zPpFGR","collapsible_row_RFTXNy"],"settings":{"section_id":"","subheading":"","heading":"Frequently Asked Questions","heading_style":"2","description":"","alignment":"left","desktop_content_position":"top","enable_image":true,"height":"adapt","layout":"text_first","open_first_collapsible_row":false,"accordions_style":"2","secondary_bg_accordions":true,"remove_gap":false,"enable_animations":true,"animation":"fade-up","layout_width":"normal","padding_top":48,"padding_bottom":32,"padding_top_sm":28,"padding_bottom_sm":28,"color_palette":"background-1","enable_cut_bg_color":false,"cut_bg_color":"#f6f6f6","cut_bg_color_vertical":0,"cut_bg_color_vertical_mobile":0,"cut_bg_color_horizontal":0,"cut_bg_color_horizontal_mobile":0,"separator_top":"none","separator_top_invert":false,"separator_bottom":"none","separator_bottom_invert":false,"separator_animated":false,"separator_bg_color":""}},"e853d36b-c437-4485-85b7-07424d508efc":{"type":"newsletter","blocks":{"template--19617938309417__e853d36b-c437-4485-85b7-07424d508efc-1688045004cd9688ea-0":{"type":"heading","settings":{"subheading":"","heading":"Newsletter heading","heading_style":"2"}},"template--19617938309417__e853d36b-c437-4485-85b7-07424d508efc-1688045004cd9688ea-1":{"type":"paragraph","settings":{"description":"<p>Use this section to register new contacts into your lists. Send them quality contents 1 to 3 times per month (recommended).<\/p>"}},"template--19617938309417__e853d36b-c437-4485-85b7-07424d508efc-1688045004cd9688ea-2":{"type":"email_form","settings":{}}},"block_order":["template--19617938309417__e853d36b-c437-4485-85b7-07424d508efc-1688045004cd9688ea-0","template--19617938309417__e853d36b-c437-4485-85b7-07424d508efc-1688045004cd9688ea-1","template--19617938309417__e853d36b-c437-4485-85b7-07424d508efc-1688045004cd9688ea-2"],"settings":{"section_id":"","desktop_content_alignment":"center","enable_animations":true,"animation":"fade-up","layout_width":"narrow","padding_top":32,"padding_bottom":32,"padding_top_sm":28,"padding_bottom_sm":24,"color_palette":"","enable_cut_bg_color":false,"cut_bg_color":"#f6f6f6","cut_bg_color_vertical":0,"cut_bg_color_vertical_mobile":0,"cut_bg_color_horizontal":0,"cut_bg_color_horizontal_mobile":0,"separator_top":"none","separator_top_invert":false,"separator_bottom":"none","separator_bottom_invert":false,"separator_animated":false,"separator_bg_color":""}}},"order":["42f1fbd7-9a5f-4361-bee4-1dd38dc77aa3","marquee_z7hUag","ceea920c-bcf6-4b55-9b0f-a457eaa8e605","5b487781-6227-4db6-af44-deaf82bf3b71","image_with_text_N3Wf3k","comparaison_list_UDGHDn","e10ef0a3-ab00-4290-ba07-52334a779cfd","collapsible_content_CrtidL","e853d36b-c437-4485-85b7-07424d508efc"]}