{"sections":{"main":{"type":"contact-form","blocks":{"14f305f9-bf52-4859-adce-6d38266ce218":{"type":"icons","disabled":true,"settings":{"icons_style":"block","fill_color":"accent","fill_fade_background":true,"icon_1_icon_type":"check_mark","icon_1_text":"Number 1 in the world","icon_1_description":"Put here a description of the benefit or the feature.","icon_1_url":"","icon_2_icon_type":"check_mark","icon_2_text":"Number 1 in the world","icon_2_description":"Put here a description of the benefit or the feature.","icon_2_url":"","icon_3_icon_type":"check_mark","icon_3_text":"Number 1 in the world","icon_3_description":"Put here a description of the benefit or the feature.","icon_3_url":"","icon_4_icon_type":"check_mark","icon_4_text":"Number 1 in the world","icon_4_description":"Put here a description of the benefit or the feature.","icon_4_url":""}}},"block_order":["14f305f9-bf52-4859-adce-6d38266ce218"],"settings":{"section_id":"","subheading":"","heading":"Contact","heading_style":"1","description":"Little text to tell your visitors in wich time you'll answer them in average.","order_number":"Order number","button_text":"Send","button_style":"1","layout_width":"normal","padding_top":36,"padding_bottom":36,"padding_top_sm":0,"padding_bottom_sm":32,"color_palette":"background-1","enable_cut_bg_color":false,"cut_bg_color":"#f6f6f6","cut_bg_color_vertical":0,"cut_bg_color_vertical_mobile":0,"cut_bg_color_horizontal":0,"cut_bg_color_horizontal_mobile":0,"separator_top":"none","separator_top_invert":false,"separator_bottom":"none","separator_bottom_invert":false,"separator_animated":false,"separator_bg_color":""}}},"order":["main"]}