{"sections":{"main":{"type":"main-product","blocks":{"10c101c7-10ee-4da7-adfd-de7769bbf7cf":{"type":"rating","settings":{"stars_style":"full","rating":4.8,"rating_text":"(378 reviews count)","block_margin_bottom":8}},"title":{"type":"title","settings":{"heading_style":"2","show_price":false,"price_color":"accent-1","block_margin_bottom":16}},"price":{"type":"price","settings":{"price_color":"accent-1","price_font_size":140,"price_font_size_sale":80,"show_sale_badge":true,"sale_badge":"% OFF","block_margin_bottom":12}},"16dbe4cf-9594-4612-b397-ca5a5fd46278":{"type":"icon-with-text","settings":{"icons_style":"bullets_half","fill_color":"accent","color_bg_secondary":false,"fill_fade_background":false,"bg_color_icons":true,"border":"border--1","shadow":"shadow--none","icon_1_icon_type":"check_mark","icon_1_text":"First marketing text","icon_1_description":"Put here a description of the benefit or the feature.","icon_1_url":"","icon_2_icon_type":"price_tag","icon_2_text":"Second marketing text","icon_2_description":"Put here a description of the benefit or the feature.","icon_2_url":"","icon_3_icon_type":"truck","icon_3_text":"Third marketing text","icon_3_description":"Put here a description of the benefit or the feature.","icon_3_url":"","icon_4_icon_type":"box","icon_4_text":"Shipping between $min and $max","icon_4_description":"Put here a description of the benefit or the feature.","icon_4_url":"","show_shipping_delay":true,"ship_weekend":false,"format":"dd\/MM","ship_min":2,"ship_max":5,"block_margin_bottom":16}},"variant_picker":{"type":"variant_picker","settings":{"picker_type":"button","checked_color":"text","custom_width":"none","flex":false,"hide_label":false,"bg_secondary":true,"size":"small","selection":"background","size_guide":false,"size_guide_trigger":"Size","size_guide_placement":"label","size_guide_text":"Size guide","size_guide_image":"shopify:\/\/shop_images\/customizeable-tshirts_4460x4460_86694c88-e404-4de9-a05e-dc588ac151a9.jpg","block_margin_bottom":24}},"pack_VBKPa8":{"type":"pack","settings":{"pack_style":"tight","label":"Pack:","add_lines":true,"color_selected":"#000000","color_selected_background":"#f6f6f6","color_background":"#ffffff","color_title":"#000000","color_price":"#000000","color_discount_price":"#777777","color_texts":"#777777","color_variants_title":"#000000","color_disclaimer":"#33c91c","pack_accordions_shadow":"1","quantity0":1,"title0":"1 product","price0":"$19.99","price_before0":"$29.99","additional_text0":"You save $0","disclaimer0":"","quantity1":2,"title1":"2 products","price1":"$34.99 (-$5)","price_before1":"$39.99","additional_text1":"You save $5","disclaimer1":"","quantity2":3,"title2":"3 products","price2":"$39.99 (-$20)","price_before2":"$59.99","additional_text2":"You save $20","disclaimer2":"Best Offer","button_text":"Add to cart","button_style":"1","icon":"plus","extra_button":false}},"buy_buttons":{"type":"buy_buttons","settings":{"button_text":"Add to cart","button_style":"1","icon":"cart_arrow","extra_button":false,"show_qty":false,"show_dynamic_checkout":true,"button_width":"all","block_margin_bottom":16}},"b35197ee-9098-4405-ab39-3fb70939ac7d":{"type":"review","settings":{"autoplay":true,"speed":4,"enable_reviews_images":true,"heading1":"Name \/ Username","text1":"Your product helps me so much to reach my goal. I used to struggle a lot before buying your stuff: I totally recommend it!","rating1":5,"verified1":true,"heading2":"Name \/ Username","text2":"Your product helps me so much to reach my goal. I used to struggle a lot before buying your stuff: I totally recommend it!","rating2":5,"verified2":true,"heading3":"Name \/ Username","text3":"Your product helps me so much to reach my goal. I used to struggle a lot before buying your stuff: I totally recommend it!","rating3":5,"verified3":true,"stars_style":"stars","color_bg_secondary":true,"border":"border--1","shadow":"shadow--none","block_margin_bottom":32}},"f0400861-dfd8-4226-bb2e-c4cfb35d280b":{"type":"description-text","settings":{"block_margin_bottom":16}}},"block_order":["10c101c7-10ee-4da7-adfd-de7769bbf7cf","title","price","16dbe4cf-9594-4612-b397-ca5a5fd46278","variant_picker","pack_VBKPa8","buy_buttons","b35197ee-9098-4405-ab39-3fb70939ac7d","f0400861-dfd8-4226-bb2e-c4cfb35d280b"],"settings":{"section_id":"","product_style":"medium","thumbnails_style":true,"preshot":false,"navigation":true,"pagination":true,"sameHeight":true,"super_glue":false,"enable_zoom":true,"desktop_content_alignment":"left","enable_animations":false,"animation":"fade-up","layout_width":"normal","padding_top":36,"padding_bottom":64,"padding_top_sm":16,"padding_bottom_sm":32,"color_palette":"background-1","enable_cut_bg_color":false,"cut_bg_color":"#f6f6f6","cut_bg_color_vertical":0,"cut_bg_color_vertical_mobile":0,"cut_bg_color_horizontal":0,"cut_bg_color_horizontal_mobile":0,"separator_top":"none","separator_top_invert":false,"separator_bottom":"none","separator_bottom_invert":false,"separator_animated":false,"separator_bg_color":""}},"image_with_text_FhAEEp":{"type":"image-with-text","blocks":{"heading_6iRMnM":{"type":"heading","settings":{"subheading":"Details","heading":"Hear from our <strong>lovely<\/strong> customers","heading_style":"2","icon":"none"}},"text_Ggwd4N":{"type":"text","settings":{"description":"<p>Pair text <strong>with<\/strong> an image to focus on your chosen product, collection, or blog post. Add details on availability, style, or even provide a review.<\/p>","color_bold_words":"text"}}},"block_order":["heading_6iRMnM","text_Ggwd4N"],"settings":{"section_id":"","media_type":"image","height":"adapt","desktop_image_width":"medium","layout":"image_first","layout_style":"normal","remove_gap":false,"make_square":false,"text_container_max_width":700,"desktop_content_position":"middle","desktop_content_alignment":"left","mobile_content_alignment":"left","enable_animations":true,"animation":"fade-up","hide_desktop":false,"hide_mobile":false,"layout_width":"normal","padding_top":0,"padding_bottom":64,"padding_top_sm":0,"padding_bottom_sm":32,"color_palette":"","enable_cut_bg_color":false,"cut_bg_color":"#f6f6f6","cut_bg_color_vertical":0,"cut_bg_color_vertical_mobile":0,"cut_bg_color_horizontal":0,"cut_bg_color_horizontal_mobile":0,"separator_top":"none","separator_top_invert":false,"separator_bottom":"none","separator_bottom_invert":false,"separator_animated":false,"separator_bg_color":""}},"collapsible_content_a9e4DY":{"type":"collapsible-content","blocks":{"collapsible_row_dzh6Gt":{"type":"collapsible_row","settings":{"heading":"What makes your product different from others?","icon":"check_mark","row_content":"<p>Our product stands out due to its premium quality, innovative features, and competitive pricing. We also include excellent customer support and a satisfaction guarantee to ensure you get the best experience possible.<\/p>","page":""}},"collapsible_row_V3QAXx":{"type":"collapsible_row","settings":{"heading":"Do you offer a warranty?","icon":"check_mark","row_content":"<p>Yes, we provide an extended warranty to give you peace of mind with your purchase. Check our warranty details for more specific terms and conditions.<\/p>","page":""}},"collapsible_row_zPpFGR":{"type":"collapsible_row","settings":{"heading":"How long does shipping take?","icon":"check_mark","row_content":"<p>Shipping times vary depending on your location, but most orders are delivered within 5-7 business days. You’ll receive a tracking number as soon as your order ships!<\/p>","page":""}},"collapsible_row_RFTXNy":{"type":"collapsible_row","settings":{"heading":"What if I’m not satisfied with my purchase?","icon":"check_mark","row_content":"<p>No worries! We offer a hassle-free return policy. If you’re not 100% satisfied, simply contact our support team, and we’ll assist you with a return or exchange.<\/p>","page":""}}},"block_order":["collapsible_row_dzh6Gt","collapsible_row_V3QAXx","collapsible_row_zPpFGR","collapsible_row_RFTXNy"],"settings":{"section_id":"","subheading":"","heading":"Frequently Asked Questions","heading_style":"2","description":"","alignment":"left","desktop_content_position":"top","enable_image":true,"height":"adapt","layout":"text_first","open_first_collapsible_row":false,"accordions_style":"2","secondary_bg_accordions":true,"remove_gap":false,"enable_animations":true,"animation":"fade-up","layout_width":"normal","padding_top":48,"padding_bottom":32,"padding_top_sm":28,"padding_bottom_sm":28,"color_palette":"background-1","enable_cut_bg_color":false,"cut_bg_color":"#f6f6f6","cut_bg_color_vertical":0,"cut_bg_color_vertical_mobile":0,"cut_bg_color_horizontal":0,"cut_bg_color_horizontal_mobile":0,"separator_top":"none","separator_top_invert":false,"separator_bottom":"none","separator_bottom_invert":false,"separator_animated":false,"separator_bg_color":""}}},"order":["main","image_with_text_FhAEEp","collapsible_content_a9e4DY"]}