{"name":"t:sections.footer.name","type":"footer","sections":{"2013bac1-7607-4fe5-b212-f1a53a39fb3e":{"type":"icons","blocks":{"48961664-1306-4cce-8ba6-874e46cbae1d":{"type":"icon","settings":{"icon":"truck","heading":"Fast Shipping","description":"Get your orders delivered quickly and securely. We pride ourselves on efficient shipping that keeps our customers happy!","heading_font_size":24,"heading_font_size_mobile":21,"button_link":"","button_text":"Discover","button_style":"1"}},"ddca38b4-c220-4bb2-a497-2a5f33872654":{"type":"icon","settings":{"icon":"lock","heading":"Secure Payments","description":"Shop with confidence! We use top-notch encryption to ensure your payment information stays safe.","heading_font_size":24,"heading_font_size_mobile":21,"button_link":"","button_text":"Discover","button_style":"2"}},"d469962c-ea26-4a92-af77-913944bd468e":{"type":"icon","settings":{"icon":"return","heading":"Money-Back","description":"Not satisfied? No problem! Enjoy a hassle-free return policy for a worry-free shopping experience.","heading_font_size":24,"heading_font_size_mobile":21,"button_link":"","button_text":"Discover","button_style":"2"}},"bd0bcf68-3806-4417-91bf-8c753676da13":{"type":"icon","settings":{"icon":"check_mark","heading":"24\/7 Support","description":"Have questions? Our friendly support team is here for you anytime, ready to assist with your needs!","heading_font_size":24,"heading_font_size_mobile":21,"button_link":"","button_text":"Discover","button_style":"2"}}},"block_order":["48961664-1306-4cce-8ba6-874e46cbae1d","ddca38b4-c220-4bb2-a497-2a5f33872654","d469962c-ea26-4a92-af77-913944bd468e","bd0bcf68-3806-4417-91bf-8c753676da13"],"settings":{"section_id":"","layout":"swiper","layout_style":"normal","icon__type":"complete","icon_width":26,"center_icons":true,"slides_on_desktop":4,"slides_on_tablet":3,"slides_on_mobile":1,"preshot_swiper":true,"loop":true,"navigation":true,"pagination":true,"autoplay":true,"speed":4,"subheading":"Details","heading":"","heading_style":"2","description":"Show to your customers a video presenting your brand and your products.","alignment":"left","enable_animations":true,"animation":"fade-up","layout_width":"normal","padding_top":32,"padding_bottom":32,"padding_top_sm":16,"padding_bottom_sm":16,"color_palette":"background-2","enable_cut_bg_color":false,"cut_bg_color":"#f6f6f6","cut_bg_color_vertical":0,"cut_bg_color_vertical_mobile":0,"cut_bg_color_horizontal":0,"cut_bg_color_horizontal_mobile":0,"separator_top":"curve-2","separator_top_invert":false,"separator_bottom":"none","separator_bottom_invert":false,"separator_animated":false,"separator_bg_color":"rgba(0,0,0,0)"}},"footer":{"type":"footer","blocks":{"86bc1fa1-7fbc-40a4-a5f1-6db385eaf7f5":{"type":"image","settings":{"image":"shopify:\/\/shop_images\/StoryThemeWhite.png","image_width":245,"alignment":"left","text_footer":"<p>Our brand work hard on finding best quality materials to improve our products.<\/p>"}},"4b56a407-ff69-4929-8842-bac519d7b845":{"type":"link_list","settings":{"heading":"Quick links","menu":"main-menu"}},"81be6395-20c0-418d-a5d9-9b9fdbba7298":{"type":"brand_information","settings":{"heading":"Contact informations","text":"","enable_mail":true,"email":"","enable_phone":true,"phone":"","enable_address":true,"address":""}},"newsletter_eEQP4A":{"type":"newsletter","settings":{"heading":"Get 10% discount !","text":"By subscribing to our newsletter"}}},"block_order":["86bc1fa1-7fbc-40a4-a5f1-6db385eaf7f5","4b56a407-ff69-4929-8842-bac519d7b845","81be6395-20c0-418d-a5d9-9b9fdbba7298","newsletter_eEQP4A"],"settings":{"center":false,"footer_bottom":true,"border_bottom":"1","footer_accordion_menu":true,"footer_copyright":true,"footer_policy":true,"footer_bottom_socials":true,"payment_enable":true,"enable_animations":false,"animation":"fade-up","layout_width":"normal","padding_top":36,"padding_bottom":36,"padding_top_sm":28,"padding_bottom_sm":28,"color_palette":"inverse","enable_cut_bg_color":false,"cut_bg_color":"#f6f6f6","cut_bg_color_vertical":0,"cut_bg_color_vertical_mobile":0,"cut_bg_color_horizontal":0,"cut_bg_color_horizontal_mobile":0,"separator_top":"none","separator_animated":false,"separator_bg_color":""}}},"order":["2013bac1-7607-4fe5-b212-f1a53a39fb3e","footer"]}