{"name":"t:sections.header.name","type":"header","sections":{"announcement-bar":{"type":"announcement-bar","blocks":{"announcement_HhxDqT":{"type":"announcement","settings":{"text":"🎉 Limited Time Offer: Get 20% Off Your First Order – Use Code <strong>WELCOME20<\/strong> at Checkout! 🚀","text_alignment":"center","color_palette":"scheme","link":""}}},"block_order":["announcement_HhxDqT"],"settings":{"sticky_announcement":false,"padding_top":6,"padding_bottom":6,"padding_top_sm":2,"padding_bottom_sm":2}},"header":{"type":"header","settings":{"color_palette":"background-1","logo":"shopify:\/\/shop_images\/Story_Theme_Classic.svg","logo_width":210,"logo_width_mobile":260,"logo_position":"middle-left","menu":"main-menu","menu_type_desktop":"dropdown","header_background_behavior":"normal","highlight_last_link":true,"sticky_header_type":"always","show_line_separator":true,"search_enabled":false,"cart_disabled":false,"mobile_logo_position":"center","icon_burger_type":"two_half","margin_bottom":0,"padding_top":20,"padding_bottom":20}}},"order":["announcement-bar","header"]}